Cat‚gorie;Sous-cat‚gorie
PCB;microvia
PCB;ims board
PCB;via filling
PCB;hdi
PCB;density pcb
PCB;semi flex
PCB;micro via
PCB;flex
PCB;multilayer
PCB;rigid flex
PCB;surface pcb
PCB;rf
PCB;single double sided
PCB;aluminum
PCB;microwave
PCB;cutting/solder
PCB;heavy copper
PCB;substrate
PCB;Other
PCB;aluminium
PCB manufacturer;manufacturer
Science of PCB;process
Science of PCB;thermal management
Science of PCB;impedance control
Science of PCB;manufacturing
Services;design
Services;production
Services;supply chain
Services;engineering
Services;supplier
Services;quality
Services;prototyping
Services;sourcing
Services;laboratory
Technical parts;cables
Technical parts;keyboard
Technical parts;silicone
Technical parts;connector
Technical parts;keypad
Technical parts;transformer
Technical parts;battery
Technical parts;adapter
Technical parts;coil
Technical parts;display
Technical parts;remote
Technical parts;plastic
Technical parts;metal
Industries;assembly
Industries;power
Industries;light
Industries;consumer electronic
Industries;industry
Industries;automotive
Industries;metering
Industries;medical
Industries;aerospace
Industries;iot
Industries;telecom
Industries;multimedia
Industries;train
